"","Alabama","","","Alaska","","","Arizona","","","Arkansas","","","California","","","Colorado","","","Connecticut","","","Delaware","","","District of Columbia","","","Florida","","","Georgia","","","Hawaii","","","Idaho","","","Illinois","","","Indiana","","","Iowa","","","Kansas","","","Kentucky","","","Louisiana","","","Maine","","","Maryland","","","Massachusetts","","","Michigan","","","Minnesota","","","Mississippi","","","Missouri","","","Montana","","","Nebraska","","","Nevada","","","New Hampshire","","","New Jersey","","","New Mexico","","","New York","","","North Carolina","","","North Dakota","","","Ohio","","","Oklahoma","","","Oregon","","","Pennsylvania","","","Rhode Island","","","South Carolina","","","South Dakota","","","Tennessee","","","Texas","","","Utah","","","Vermont","","","Virginia","","","Washington","","","West Virginia","","","Wisconsin","","","Wyoming","","","Puerto Rico","",""
"","Number","Percent Distribution","Median income (dollars)","Number","Percent Distribution","Median income (dollars)","Number","Percent Distribution","Median income (dollars)","Number","Percent Distribution","Median income (dollars)","Number","Percent Distribution","Median income (dollars)","Number","Percent Distribution","Median income (dollars)","Number","Percent Distribution","Median income (dollars)","Number","Percent Distribution","Median income (dollars)","Number","Percent Distribution","Median income (dollars)","Number","Percent Distribution","Median income (dollars)","Number","Percent Distribution","Median income (dollars)","Number","Percent Distribution","Median income (dollars)","Number","Percent Distribution","Median income (dollars)","Number","Percent Distribution","Median income (dollars)","Number","Percent Distribution","Median income (dollars)","Number","Percent Distribution","Median income (dollars)","Number","Percent Distribution","Median income (dollars)","Number","Percent Distribution","Median income (dollars)","Number","Percent Distribution","Median income (dollars)","Number","Percent Distribution","Median income (dollars)","Number","Percent Distribution","Median income (dollars)","Number","Percent Distribution","Median income (dollars)","Number","Percent Distribution","Median income (dollars)","Number","Percent Distribution","Median income (dollars)","Number","Percent Distribution","Median income (dollars)","Number","Percent Distribution","Median income (dollars)","Number","Percent Distribution","Median income (dollars)","Number","Percent Distribution","Median income (dollars)","Number","Percent Distribution","Median income (dollars)","Number","Percent Distribution","Median income (dollars)","Number","Percent Distribution","Median income (dollars)","Number","Percent Distribution","Median income (dollars)","Number","Percent Distribution","Median income (dollars)","Number","Percent Distribution","Median income (dollars)","Number","Percent Distribution","Median income (dollars)","Number","Percent Distribution","Median income (dollars)","Number","Percent Distribution","Median income (dollars)","Number","Percent Distribution","Median income (dollars)","Number","Percent Distribution","Median income (dollars)","Number","Percent Distribution","Median income (dollars)","Number","Percent Distribution","Median income (dollars)","Number","Percent Distribution","Median income (dollars)","Number","Percent Distribution","Median income (dollars)","Number","Percent Distribution","Median income (dollars)","Number","Percent Distribution","Median income (dollars)","Number","Percent Distribution","Median income (dollars)","Number","Percent Distribution","Median income (dollars)","Number","Percent Distribution","Median income (dollars)","Number","Percent Distribution","Median income (dollars)","Number","Percent Distribution","Median income (dollars)","Number","Percent Distribution","Median income (dollars)","Number","Percent Distribution","Median income (dollars)"
"Label (Grouping)","Alabama!!Number!!Estimate","Alabama!!Percent Distribution!!Estimate","Alabama!!Median income (dollars)!!Estimate","Alaska!!Number!!Estimate","Alaska!!Percent Distribution!!Estimate","Alaska!!Median income (dollars)!!Estimate","Arizona!!Number!!Estimate","Arizona!!Percent Distribution!!Estimate","Arizona!!Median income (dollars)!!Estimate","Arkansas!!Number!!Estimate","Arkansas!!Percent Distribution!!Estimate","Arkansas!!Median income (dollars)!!Estimate","California!!Number!!Estimate","California!!Percent Distribution!!Estimate","California!!Median income (dollars)!!Estimate","Colorado!!Number!!Estimate","Colorado!!Percent Distribution!!Estimate","Colorado!!Median income (dollars)!!Estimate","Connecticut!!Number!!Estimate","Connecticut!!Percent Distribution!!Estimate","Connecticut!!Median income (dollars)!!Estimate","Delaware!!Number!!Estimate","Delaware!!Percent Distribution!!Estimate","Delaware!!Median income (dollars)!!Estimate","District of Columbia!!Number!!Estimate","District of Columbia!!Percent Distribution!!Estimate","District of Columbia!!Median income (dollars)!!Estimate","Florida!!Number!!Estimate","Florida!!Percent Distribution!!Estimate","Florida!!Median income (dollars)!!Estimate","Georgia!!Number!!Estimate","Georgia!!Percent Distribution!!Estimate","Georgia!!Median income (dollars)!!Estimate","Hawaii!!Number!!Estimate","Hawaii!!Percent Distribution!!Estimate","Hawaii!!Median income (dollars)!!Estimate","Idaho!!Number!!Estimate","Idaho!!Percent Distribution!!Estimate","Idaho!!Median income (dollars)!!Estimate","Illinois!!Number!!Estimate","Illinois!!Percent Distribution!!Estimate","Illinois!!Median income (dollars)!!Estimate","Indiana!!Number!!Estimate","Indiana!!Percent Distribution!!Estimate","Indiana!!Median income (dollars)!!Estimate","Iowa!!Number!!Estimate","Iowa!!Percent Distribution!!Estimate","Iowa!!Median income (dollars)!!Estimate","Kansas!!Number!!Estimate","Kansas!!Percent Distribution!!Estimate","Kansas!!Median income (dollars)!!Estimate","Kentucky!!Number!!Estimate","Kentucky!!Percent Distribution!!Estimate","Kentucky!!Median income (dollars)!!Estimate","Louisiana!!Number!!Estimate","Louisiana!!Percent Distribution!!Estimate","Louisiana!!Median income (dollars)!!Estimate","Maine!!Number!!Estimate","Maine!!Percent Distribution!!Estimate","Maine!!Median income (dollars)!!Estimate","Maryland!!Number!!Estimate","Maryland!!Percent Distribution!!Estimate","Maryland!!Median income (dollars)!!Estimate","Massachusetts!!Number!!Estimate","Massachusetts!!Percent Distribution!!Estimate","Massachusetts!!Median income (dollars)!!Estimate","Michigan!!Number!!Estimate","Michigan!!Percent Distribution!!Estimate","Michigan!!Median income (dollars)!!Estimate","Minnesota!!Number!!Estimate","Minnesota!!Percent Distribution!!Estimate","Minnesota!!Median income (dollars)!!Estimate","Mississippi!!Number!!Estimate","Mississippi!!Percent Distribution!!Estimate","Mississippi!!Median income (dollars)!!Estimate","Missouri!!Number!!Estimate","Missouri!!Percent Distribution!!Estimate","Missouri!!Median income (dollars)!!Estimate","Montana!!Number!!Estimate","Montana!!Percent Distribution!!Estimate","Montana!!Median income (dollars)!!Estimate","Nebraska!!Number!!Estimate","Nebraska!!Percent Distribution!!Estimate","Nebraska!!Median income (dollars)!!Estimate","Nevada!!Number!!Estimate","Nevada!!Percent Distribution!!Estimate","Nevada!!Median income (dollars)!!Estimate","New Hampshire!!Number!!Estimate","New Hampshire!!Percent Distribution!!Estimate","New Hampshire!!Median income (dollars)!!Estimate","New Jersey!!Number!!Estimate","New Jersey!!Percent Distribution!!Estimate","New Jersey!!Median income (dollars)!!Estimate","New Mexico!!Number!!Estimate","New Mexico!!Percent Distribution!!Estimate","New Mexico!!Median income (dollars)!!Estimate","New York!!Number!!Estimate","New York!!Percent Distribution!!Estimate","New York!!Median income (dollars)!!Estimate","North Carolina!!Number!!Estimate","North Carolina!!Percent Distribution!!Estimate","North Carolina!!Median income (dollars)!!Estimate","North Dakota!!Number!!Estimate","North Dakota!!Percent Distribution!!Estimate","North Dakota!!Median income (dollars)!!Estimate","Ohio!!Number!!Estimate","Ohio!!Percent Distribution!!Estimate","Ohio!!Median income (dollars)!!Estimate","Oklahoma!!Number!!Estimate","Oklahoma!!Percent Distribution!!Estimate","Oklahoma!!Median income (dollars)!!Estimate","Oregon!!Number!!Estimate","Oregon!!Percent Distribution!!Estimate","Oregon!!Median income (dollars)!!Estimate","Pennsylvania!!Number!!Estimate","Pennsylvania!!Percent Distribution!!Estimate","Pennsylvania!!Median income (dollars)!!Estimate","Rhode Island!!Number!!Estimate","Rhode Island!!Percent Distribution!!Estimate","Rhode Island!!Median income (dollars)!!Estimate","South Carolina!!Number!!Estimate","South Carolina!!Percent Distribution!!Estimate","South Carolina!!Median income (dollars)!!Estimate","South Dakota!!Number!!Estimate","South Dakota!!Percent Distribution!!Estimate","South Dakota!!Median income (dollars)!!Estimate","Tennessee!!Number!!Estimate","Tennessee!!Percent Distribution!!Estimate","Tennessee!!Median income (dollars)!!Estimate","Texas!!Number!!Estimate","Texas!!Percent Distribution!!Estimate","Texas!!Median income (dollars)!!Estimate","Utah!!Number!!Estimate","Utah!!Percent Distribution!!Estimate","Utah!!Median income (dollars)!!Estimate","Vermont!!Number!!Estimate","Vermont!!Percent Distribution!!Estimate","Vermont!!Median income (dollars)!!Estimate","Virginia!!Number!!Estimate","Virginia!!Percent Distribution!!Estimate","Virginia!!Median income (dollars)!!Estimate","Washington!!Number!!Estimate","Washington!!Percent Distribution!!Estimate","Washington!!Median income (dollars)!!Estimate","West Virginia!!Number!!Estimate","West Virginia!!Percent Distribution!!Estimate","West Virginia!!Median income (dollars)!!Estimate","Wisconsin!!Number!!Estimate","Wisconsin!!Percent Distribution!!Estimate","Wisconsin!!Median income (dollars)!!Estimate","Wyoming!!Number!!Estimate","Wyoming!!Percent Distribution!!Estimate","Wyoming!!Median income (dollars)!!Estimate","Puerto Rico!!Number!!Estimate","Puerto Rico!!Percent Distribution!!Estimate","Puerto Rico!!Median income (dollars)!!Estimate"
"HOUSEHOLD INCOME BY RACE AND HISPANIC OR LATINO ORIGIN OF HOUSEHOLDER","","","","","","","","","","","","","","","","","","","","","","","","","","","","","","","","","","","","","","","","","","","","","","","","","","","","","","","","","","","","","","","","","","","","","","","","","","","","","","","","","","","","","","","","","","","","","","","","","","","","","","","","","","","","","","","","","","","","","","","","","","","","","","","","","","","","","","","","","","","","","","","","","","","","","","","","","","","",""
"    Households","1,888,504","1,888,504","52,035","255,173","255,173","77,790","2,643,430","2,643,430","61,529","1,170,544","1,170,544","49,475","13,103,114","13,103,114","78,672","2,137,402","2,137,402","75,231","1,385,437","1,385,437","79,855","370,953","370,953","69,110","288,307","288,307","90,842","7,931,313","7,931,313","57,703","3,830,264","3,830,264","61,224","467,932","467,932","83,173","649,299","649,299","58,915","4,884,061","4,884,061","68,428","2,602,770","2,602,770","58,235","1,273,941","1,273,941","61,836","1,141,985","1,141,985","61,091","1,748,053","1,748,053","52,238","1,751,956","1,751,956","50,800","569,551","569,551","59,489","2,230,527","2,230,527","87,063","2,646,980","2,646,980","84,385","3,980,408","3,980,408","59,234","2,207,988","2,207,988","73,382","1,116,649","1,116,649","46,511","2,440,212","2,440,212","57,290","436,048","436,048","56,539","766,663","766,663","63,015","1,130,011","1,130,011","62,043","539,116","539,116","77,923","3,272,054","3,272,054","85,245","792,755","792,755","51,243","7,417,224","7,417,224","71,117","4,031,592","4,031,592","56,642","320,873","320,873","65,315","4,717,226","4,717,226","58,116","1,493,569","1,493,569","53,840","1,642,579","1,642,579","65,667","5,106,601","5,106,601","63,627","414,730","414,730","70,305","1,961,481","1,961,481","54,864","347,878","347,878","59,896","2,639,455","2,639,455","54,833","9,906,070","9,906,070","63,826","1,003,345","1,003,345","74,197","262,852","262,852","63,477","3,184,121","3,184,121","76,398","2,905,822","2,905,822","77,006","734,235","734,235","48,037","2,377,935","2,377,935","63,293","233,231","233,231","65,304","1,205,749","1,205,749","21,058"
"        One race--","","","","","","","","","","","","","","","","","","","","","","","","","","","","","","","","","","","","","","","","","","","","","","","","","","","","","","","","","","","","","","","","","","","","","","","","","","","","","","","","","","","","","","","","","","","","","","","","","","","","","","","","","","","","","","","","","","","","","","","","","","","","","","","","","","","","","","","","","","","","","","","","","","","","","","","","","","","",""
"            White","1,308,336","69.3%","59,871","182,577","71.6%","85,644","2,094,982","79.3%","63,694","911,655","77.9%","53,025","8,140,180","62.1%","82,157","1,823,809","85.3%","77,462","1,084,775","78.3%","86,912","262,951","70.9%","74,357","133,925","46.5%","144,769","6,070,529","76.5%","61,065","2,314,881","60.4%","69,546","147,472","31.5%","82,353","590,248","90.9%","59,973","3,609,654","73.9%","74,204","2,208,565","84.9%","61,599","1,172,431","92.0%","63,424","981,455","85.9%","63,379","1,538,662","88.0%","53,963","1,135,316","64.8%","61,255","543,791","95.5%","60,173","1,308,209","58.7%","96,693","2,138,829","80.8%","88,977","3,191,274","80.2%","63,287","1,917,782","86.9%","76,380","674,389","60.4%","57,781","2,033,299","83.3%","60,556","398,517","91.4%","58,041","679,951","88.7%","65,207","770,905","68.2%","66,285","506,393","93.9%","78,711","2,271,999","69.4%","91,515","592,304","74.7%","54,223","4,985,031","67.2%","79,252","2,863,145","71.0%","63,006","284,672","88.7%","68,419","3,886,272","82.4%","62,546","1,130,986","75.7%","57,248","1,419,476","86.4%","66,480","4,235,813","82.9%","67,270","345,323","83.3%","74,350","1,365,017","69.6%","63,490","309,723","89.0%","62,675","2,082,376","78.9%","58,692","7,080,127","71.5%","67,695","887,666","88.5%","76,024","251,021","95.5%","64,205","2,242,811","70.4%","81,840","2,291,075","78.8%","78,442","690,319","94.0%","48,670","2,093,441","88.0%","66,073","216,778","92.9%","66,028","716,113","59.4%","22,076"
"            Black or African American","495,426","26.2%","35,239","8,362","3.3%","64,054","110,292","4.2%","49,418","176,064","15.0%","32,844","806,733","6.2%","54,976","78,350","3.7%","53,806","138,334","10.0%","50,905","77,144","20.8%","50,870","120,985","42.0%","48,515","1,080,641","13.6%","43,418","1,186,727","31.0%","46,964","10,266","2.2%","71,939","3,058","0.5%","45,059","676,524","13.9%","41,021","239,617","9.2%","36,131","39,558","3.1%","33,662","64,175","5.6%","39,274","141,542","8.1%","37,521","527,328","30.1%","31,479","5,267","0.9%","41,174","658,613","29.5%","69,964","171,958","6.5%","54,835","529,046","13.3%","36,561","114,302","5.2%","40,785","406,602","36.4%","31,389","274,714","11.3%","38,456","1,628","0.4%","47,177","33,921","4.4%","37,163","104,297","9.2%","42,047","6,229","1.2%","59,261","430,451","13.2%","55,453","15,902","2.0%","42,963","1,088,200","14.7%","51,060","848,234","21.0%","40,767","9,468","3.0%","39,280","590,255","12.5%","34,778","108,542","7.3%","36,790","28,020","1.7%","44,138","514,680","10.1%","40,370","24,084","5.8%","47,723","503,410","25.7%","36,271","6,001","1.7%","47,270","430,652","16.3%","40,020","1,267,229","12.8%","48,293","9,985","1.0%","44,772","2,131","0.8%","37,489","595,688","18.7%","52,929","103,711","3.6%","56,196","23,920","3.3%","32,803","131,874","5.5%","32,857","1,939","0.8%","53,354","140,199","11.6%","20,038"
"            American Indian and Alaska Native","9,798","0.5%","49,162","29,173","11.4%","49,963","87,128","3.3%","39,969","7,165","0.6%","41,196","97,757","0.7%","60,182","18,928","0.9%","52,028","3,244","0.2%","42,035","1,507","0.4%","48,591","1,357","0.5%","53,244","19,572","0.2%","49,775","12,359","0.3%","40,577","1,446","0.3%","50,833","8,303","1.3%","40,498","11,069","0.2%","55,222","5,695","0.2%","50,629","3,442","0.3%","41,211","8,367","0.7%","43,540","3,307","0.2%","34,003","9,757","0.6%","48,108","3,539","0.6%","35,688","6,080","0.3%","77,912","4,903","0.2%","42,228","18,908","0.5%","45,530","17,529","0.8%","37,795","4,901","0.4%","34,036","9,342","0.4%","40,537","18,433","4.2%","35,859","5,002","0.7%","44,400","13,855","1.2%","44,985","1,012","0.2%","41,800","7,105","0.2%","59,827","56,334","7.1%","36,295","26,115","0.4%","44,268","42,673","1.1%","39,857","11,517","3.6%","38,129","8,569","0.2%","36,855","99,828","6.7%","46,426","16,319","1.0%","48,225","7,821","0.2%","41,937","1,658","0.4%","37,809","6,554","0.3%","42,052","18,562","5.3%","27,648","7,397","0.3%","52,707","47,791","0.5%","57,973","9,200","0.9%","49,403","960","0.4%","35,000","8,289","0.3%","67,730","31,520","1.1%","51,261","1,251","0.2%","22,557","18,667","0.8%","45,003","3,607","1.5%","50,458","2,329","0.2%","25,365"
"            Asian","23,204","1.2%","67,083","13,132","5.1%","73,873","80,691","3.1%","81,932","15,211","1.3%","73,765","1,860,890","14.2%","101,380","56,608","2.6%","83,168","53,895","3.9%","101,418","14,014","3.8%","96,191","12,249","4.2%","107,732","185,103","2.3%","73,412","137,651","3.6%","83,654","183,995","39.3%","89,204","8,157","1.3%","55,373","242,604","5.0%","94,386","49,688","1.9%","65,224","25,825","2.0%","62,106","28,490","2.5%","70,355","21,911","1.3%","67,188","25,327","1.4%","64,478","4,520","0.8%","57,868","124,437","5.6%","108,839","152,655","5.8%","102,235","104,236","2.6%","88,990","77,939","3.5%","82,473","9,172","0.8%","65,594","42,878","1.8%","74,716","2,850","0.7%","54,830","15,321","2.0%","67,853","84,403","7.5%","70,521","11,975","2.2%","79,154","280,258","8.6%","126,232","11,144","1.4%","64,462","539,547","7.3%","78,925","98,642","2.4%","89,314","4,798","1.5%","55,179","88,904","1.9%","78,560","26,665","1.8%","62,051","64,195","3.9%","83,125","144,936","2.8%","80,088","11,425","2.8%","82,252","26,142","1.3%","74,108","3,836","1.1%","59,375","38,731","1.5%","81,886","449,192","4.5%","91,879","22,430","2.2%","75,343","2,785","1.1%","57,756","178,857","5.6%","108,033","233,476","8.0%","102,959","5,189","0.7%","55,372","49,627","2.1%","72,870","1,711","0.7%","69,917","2,139","0.2%","27,315"
"            Native Hawaiian and Other Pacific Islander","390","0.0%","-","2,175","0.9%","66,026","3,861","0.1%","66,579","2,095","0.2%","50,491","40,036","0.3%","81,682","2,828","0.1%","71,294","311","0.0%","37,279","132","0.0%","63,611","27","0.0%","130,104","3,468","0.0%","55,856","2,017","0.1%","42,019","39,091","8.4%","65,386","932","0.1%","33,548","1,848","0.0%","60,096","488","0.0%","56,042","948","0.1%","48,500","635","0.1%","46,269","804","0.0%","50,955","492","0.0%","46,417","59","0.0%","94,514","908","0.0%","61,029","966","0.0%","80,543","911","0.0%","49,925","870","0.0%","55,938","463","0.0%","-","2,222","0.1%","56,058","168","0.0%","38,883","324","0.0%","33,750","6,544","0.6%","62,927","187","0.0%","34,670","796","0.0%","61,563","512","0.1%","63,098","2,993","0.0%","46,887","2,352","0.1%","51,595","333","0.1%","29,141","936","0.0%","44,844","1,853","0.1%","34,917","4,647","0.3%","69,547","1,149","0.0%","53,609","337","0.1%","43,834","906","0.0%","64,306","175","0.1%","31,898","944","0.0%","40,781","7,687","0.1%","58,796","6,655","0.7%","66,637","101","0.0%","38,646","1,694","0.1%","74,432","14,519","0.5%","72,849","96","0.0%","-","659","0.0%","69,702","163","0.1%","45,625","23","0.0%","-"
"            Some other race","18,991","1.0%","38,627","3,502","1.4%","73,172","131,499","5.0%","49,176","24,807","2.1%","44,458","1,397,210","10.7%","59,287","66,326","3.1%","55,011","60,873","4.4%","43,304","6,119","1.6%","62,413","9,032","3.1%","61,145","202,606","2.6%","48,038","79,728","2.1%","46,943","5,306","1.1%","71,017","18,239","2.8%","49,710","205,913","4.2%","55,887","46,322","1.8%","46,620","10,770","0.8%","50,780","22,968","2.0%","48,693","11,907","0.7%","41,211","20,723","1.2%","35,676","1,233","0.2%","55,129","67,414","3.0%","68,894","90,511","3.4%","47,495","41,312","1.0%","45,883","31,056","1.4%","54,934","8,528","0.8%","42,589","20,391","0.8%","47,103","2,397","0.5%","63,546","13,868","1.8%","53,914","89,842","8.0%","50,573","2,916","0.5%","75,729","166,076","5.1%","54,334","65,381","8.2%","38,350","510,984","6.9%","46,500","88,307","2.2%","42,809","3,155","1.0%","45,902","39,058","0.8%","41,143","30,325","2.0%","44,661","37,232","2.3%","55,422","96,307","1.9%","40,023","18,516","4.5%","41,278","25,798","1.3%","41,369","2,350","0.7%","53,227","25,675","1.0%","43,816","511,052","5.2%","48,208","38,349","3.8%","54,362","783","0.3%","57,440","61,351","1.9%","63,132","94,378","3.2%","55,606","2,578","0.4%","44,297","39,654","1.7%","48,030","2,957","1.3%","59,587","225,376","18.7%","17,698"
"        Two or more races","32,359","1.7%","48,936","16,252","6.4%","72,478","134,977","5.1%","60,831","33,547","2.9%","44,711","760,308","5.8%","76,733","90,553","4.2%","66,395","44,005","3.2%","62,767","9,086","2.4%","60,793","10,732","3.7%","96,305","369,394","4.7%","57,003","96,901","2.5%","61,785","80,356","17.2%","85,236","20,362","3.1%","54,937","136,449","2.8%","62,567","52,395","2.0%","45,214","20,967","1.6%","49,246","35,895","3.1%","50,953","29,920","1.7%","44,391","33,013","1.9%","51,383","11,142","2.0%","44,825","64,866","2.9%","88,848","87,158","3.3%","66,229","94,721","2.4%","52,542","48,510","2.2%","61,836","12,594","1.1%","44,055","57,366","2.4%","48,879","12,055","2.8%","45,169","18,276","2.4%","48,479","60,165","5.3%","60,691","10,404","1.9%","65,000","115,369","3.5%","73,215","51,178","6.5%","51,454","264,354","3.6%","64,279","88,239","2.2%","51,803","6,930","2.2%","56,133","103,232","2.2%","45,797","95,370","6.4%","48,839","72,690","4.4%","57,283","105,895","2.1%","57,857","13,387","3.2%","56,898","33,654","1.7%","53,626","7,231","2.1%","49,433","53,680","2.0%","48,832","542,992","5.5%","58,688","29,060","2.9%","70,447","5,071","1.9%","53,217","95,431","3.0%","78,872","137,143","4.7%","68,991","10,882","1.5%","42,143","44,013","1.9%","53,794","6,076","2.6%","61,115","119,570","9.9%","22,492"
"        Hispanic or Latino origin (of any race)","56,564","3.0%","42,568","15,039","5.9%","67,559","616,001","23.3%","52,399","61,345","5.2%","45,266","3,874,344","29.6%","62,330","344,416","16.1%","57,790","183,378","13.2%","48,715","23,637","6.4%","56,430","24,940","8.7%","80,502","1,696,751","21.4%","52,092","263,530","6.9%","52,784","36,428","7.8%","73,298","58,693","9.0%","50,571","591,380","12.1%","59,699","127,899","4.9%","49,162","51,854","4.1%","49,686","96,547","8.5%","49,196","45,279","2.6%","47,112","73,204","4.2%","46,489","6,630","1.2%","55,821","153,300","6.9%","76,092","256,277","9.7%","48,450","145,980","3.7%","50,802","79,572","3.6%","57,081","25,514","2.3%","43,456","73,573","3.0%","50,974","12,196","2.8%","48,568","58,222","7.6%","52,259","243,909","21.6%","53,893","14,208","2.6%","63,535","548,532","16.8%","60,352","340,008","42.9%","44,648","1,161,394","15.7%","52,643","256,235","6.4%","45,983","9,278","2.9%","46,367","136,729","2.9%","47,130","109,076","7.3%","46,473","145,004","8.8%","54,797","279,957","5.5%","45,590","50,692","12.2%","43,609","77,697","4.0%","45,778","9,764","2.8%","47,788","97,174","3.7%","46,503","3,158,494","31.9%","51,401","111,546","11.1%","57,417","3,884","1.5%","49,349","215,598","6.8%","70,786","255,918","8.8%","59,360","8,250","1.1%","53,829","109,399","4.6%","48,448","17,758","7.6%","56,981","1,191,466","98.8%","20,970"
"        White alone, not Hispanic or Latino","1,278,111","67.7%","60,213","174,055","68.2%","86,128","1,702,280","64.4%","66,973","880,329","75.2%","53,335","6,149,669","46.9%","90,496","1,599,857","74.9%","81,200","990,186","71.5%","90,941","247,276","66.7%","75,700","122,878","42.6%","147,488","4,853,937","61.2%","63,474","2,172,359","56.7%","70,784","135,328","28.9%","82,735","558,069","85.9%","60,629","3,300,250","67.6%","75,587","2,139,412","82.2%","61,998","1,136,873","89.2%","63,961","919,526","80.5%","64,470","1,511,572","86.5%","54,099","1,092,374","62.4%","61,858","539,053","94.6%","60,207","1,243,112","55.7%","97,547","2,013,597","76.1%","91,759","3,103,475","78.0%","63,594","1,876,630","85.0%","76,798","660,815","59.2%","58,104","1,989,191","81.5%","60,757","391,347","89.7%","58,291","643,138","83.9%","66,166","649,919","57.5%","68,864","497,368","92.3%","79,050","1,974,243","60.3%","96,531","360,863","45.5%","60,767","4,539,214","61.2%","81,033","2,726,594","67.6%","64,050","280,091","87.3%","68,823","3,806,529","80.7%","62,843","1,067,053","71.4%","58,090","1,333,061","81.2%","67,331","4,094,847","80.2%","67,994","321,239","77.5%","76,742","1,321,984","67.4%","64,102","304,295","87.5%","63,078","2,021,481","76.6%","59,125","4,853,846","49.0%","77,821","828,325","82.6%","77,436","248,364","94.5%","64,412","2,123,428","66.7%","82,250","2,164,383","74.5%","79,746","685,042","93.3%","48,644","2,034,978","85.6%","66,579","204,436","87.7%","66,731","10,660","0.9%","31,890"
"HOUSEHOLD INCOME BY AGE OF HOUSEHOLDER","","","","","","","","","","","","","","","","","","","","","","","","","","","","","","","","","","","","","","","","","","","","","","","","","","","","","","","","","","","","","","","","","","","","","","","","","","","","","","","","","","","","","","","","","","","","","","","","","","","","","","","","","","","","","","","","","","","","","","","","","","","","","","","","","","","","","","","","","","","","","","","","","","","","","","","","","","","",""
"    15 to 24 years","72,077","3.8%","25,255","12,161","4.8%","45,806","109,419","4.1%","36,852","55,854","4.8%","30,278","359,552","2.7%","41,045","88,023","4.1%","39,484","35,184","2.5%","41,337","9,235","2.5%","34,130","9,300","3.2%","44,256","207,040","2.6%","33,820","138,747","3.6%","33,271","13,161","2.8%","45,684","33,014","5.1%","33,344","167,746","3.4%","32,544","124,409","4.8%","31,485","76,529","6.0%","35,662","68,662","6.0%","34,184","76,894","4.4%","30,975","63,157","3.6%","27,228","17,323","3.0%","38,581","52,579","2.4%","42,903","70,617","2.7%","44,222","159,679","4.0%","32,488","92,682","4.2%","40,813","39,573","3.5%","25,854","112,180","4.6%","31,485","23,372","5.4%","30,779","48,055","6.3%","35,184","39,439","3.5%","39,384","16,172","3.0%","45,888","57,229","1.7%","40,289","34,339","4.3%","28,881","201,500","2.7%","36,514","154,671","3.8%","32,919","28,779","9.0%","38,725","191,739","4.1%","32,336","76,194","5.1%","31,349","66,144","4.0%","35,884","157,822","3.1%","32,905","10,809","2.6%","31,344","66,820","3.4%","30,987","20,924","6.0%","34,766","108,993","4.1%","33,990","421,019","4.3%","33,040","60,920","6.1%","40,500","11,547","4.4%","34,160","104,613","3.3%","38,463","121,662","4.2%","42,712","27,934","3.8%","26,541","113,714","4.8%","35,550","13,853","5.9%","31,642","24,934","2.1%","7,256"
"    25 to 44 years","576,273","30.5%","56,666","91,411","35.8%","82,116","835,343","31.6%","67,184","372,943","31.9%","54,906","4,474,488","34.1%","84,076","767,746","35.9%","81,237","404,261","29.2%","83,465","108,681","29.3%","71,552","134,929","46.8%","105,346","2,225,674","28.1%","62,440","1,312,713","34.3%","64,797","137,379","29.4%","84,603","214,319","33.0%","65,302","1,619,238","33.2%","75,867","839,872","32.3%","64,341","405,426","31.8%","70,785","374,134","32.8%","67,765","542,505","31.0%","60,629","575,696","32.9%","57,317","152,501","26.8%","69,747","710,706","31.9%","90,255","828,323","31.3%","96,311","1,185,820","29.8%","65,769","734,141","33.2%","83,759","348,862","31.2%","50,688","777,242","31.9%","65,496","131,919","30.3%","65,365","259,125","33.8%","70,839","392,443","34.7%","64,927","149,612","27.8%","86,516","987,556","30.2%","92,514","239,639","30.2%","55,218","2,325,034","31.3%","81,159","1,293,699","32.1%","61,872","113,981","35.5%","74,093","1,464,158","31.0%","64,709","491,859","32.9%","59,718","538,704","32.8%","73,810","1,514,550","29.7%","73,230","124,312","30.0%","74,724","595,165","30.3%","60,452","112,180","32.2%","68,132","846,535","32.1%","60,434","3,697,821","37.3%","67,635","401,703","40.0%","78,035","71,315","27.1%","73,502","1,040,550","32.7%","82,453","1,018,779","35.1%","85,782","198,193","27.0%","56,539","739,889","31.1%","71,783","75,804","32.5%","75,858","300,917","25.0%","23,126"
"    45 to 64 years","715,987","37.9%","62,633","98,040","38.4%","93,859","932,570","35.3%","73,647","422,826","36.1%","57,648","5,070,224","38.7%","92,828","784,778","36.7%","90,347","567,806","41.0%","99,541","142,178","38.3%","83,619","86,282","29.9%","99,304","2,950,789","37.2%","68,016","1,487,962","38.8%","73,645","171,617","36.7%","97,101","229,453","35.3%","69,677","1,843,435","37.7%","83,485","973,452","37.4%","71,556","453,096","35.6%","76,234","408,427","35.8%","74,733","662,244","37.9%","61,430","645,446","36.8%","59,260","226,031","39.7%","70,803","905,661","40.6%","105,895","1,044,922","39.5%","103,973","1,537,136","38.6%","72,267","825,037","37.4%","90,158","423,738","37.9%","54,159","899,636","36.9%","68,158","154,830","35.5%","66,189","268,172","35.0%","76,594","415,300","36.8%","72,677","225,174","41.8%","94,746","1,352,528","41.3%","104,297","288,778","36.4%","59,285","2,890,086","39.0%","84,446","1,524,535","37.8%","67,560","103,075","32.1%","81,860","1,789,072","37.9%","70,764","528,958","35.4%","63,878","581,587","35.4%","78,147","1,967,740","38.5%","78,215","167,133","40.3%","85,936","735,573","37.5%","64,299","122,283","35.2%","71,973","989,711","37.5%","64,914","3,665,383","37.0%","76,623","328,415","32.7%","92,923","102,023","38.8%","75,100","1,228,652","38.6%","93,370","1,053,901","36.3%","93,563","276,373","37.6%","56,048","895,913","37.7%","77,690","82,300","35.3%","78,584","459,506","38.1%","25,019"
"    65 years and over","524,167","27.8%","40,419","53,561","21.0%","61,223","766,098","29.0%","48,964","318,921","27.2%","38,417","3,198,850","24.4%","57,034","496,855","23.2%","54,544","378,186","27.3%","57,408","110,859","29.9%","56,135","57,796","20.0%","59,428","2,547,810","32.1%","46,182","890,842","23.3%","45,171","145,775","31.2%","71,086","172,513","26.6%","45,216","1,253,642","25.7%","48,066","665,037","25.6%","43,251","338,890","26.6%","44,441","290,762","25.5%","45,777","466,410","26.7%","39,202","467,657","26.7%","39,523","173,696","30.5%","43,065","561,581","25.2%","62,017","703,118","26.6%","52,973","1,097,773","27.6%","45,142","556,128","25.2%","49,601","304,476","27.3%","36,653","651,154","26.7%","42,839","125,927","28.9%","44,118","191,311","25.0%","46,268","282,829","25.0%","49,276","148,158","27.5%","53,391","874,741","26.7%","57,159","229,999","29.0%","42,947","2,000,604","27.0%","48,539","1,058,687","26.3%","42,739","75,038","23.4%","45,849","1,272,257","27.0%","43,386","396,558","26.6%","43,658","456,144","27.8%","49,708","1,466,489","28.7%","44,143","112,476","27.1%","47,050","563,923","28.7%","43,822","92,491","26.6%","44,644","694,216","26.3%","42,047","2,121,847","21.4%","47,004","212,307","21.2%","55,560","77,967","29.7%","47,140","810,306","25.4%","54,826","711,480","24.5%","54,055","231,735","31.6%","38,235","628,419","26.4%","44,123","61,274","26.3%","47,223","420,392","34.9%","17,905"
"FAMILIES","","","","","","","","","","","","","","","","","","","","","","","","","","","","","","","","","","","","","","","","","","","","","","","","","","","","","","","","","","","","","","","","","","","","","","","","","","","","","","","","","","","","","","","","","","","","","","","","","","","","","","","","","","","","","","","","","","","","","","","","","","","","","","","","","","","","","","","","","","","","","","","","","","","","","","","","","","","",""
"    Families","1,234,552","1,234,552","66,772","167,815","167,815","92,648","1,720,736","1,720,736","73,456","770,111","770,111","62,067","8,986,666","8,986,666","89,798","1,358,903","1,358,903","92,752","902,996","902,996","102,061","243,012","243,012","84,825","123,496","123,496","120,337","5,118,059","5,118,059","69,670","2,565,233","2,565,233","74,127","324,482","324,482","97,813","441,391","441,391","70,885","3,116,415","3,116,415","86,251","1,679,392","1,679,392","73,265","800,738","800,738","79,186","737,611","737,611","77,620","1,139,116","1,139,116","65,893","1,116,752","1,116,752","65,427","349,955","349,955","76,192","1,479,378","1,479,378","105,790","1,673,992","1,673,992","106,526","2,526,437","2,526,437","75,470","1,404,798","1,404,798","92,692","740,489","740,489","58,923","1,551,056","1,551,056","72,834","267,258","267,258","72,773","488,849","488,849","80,125","720,213","720,213","74,077","351,445","351,445","97,001","2,247,306","2,247,306","104,804","496,734","496,734","62,611","4,670,153","4,670,153","87,270","2,625,055","2,625,055","70,978","189,465","189,465","86,798","2,952,151","2,952,151","74,391","975,207","975,207","67,511","1,034,877","1,034,877","80,630","3,254,545","3,254,545","80,996","257,849","257,849","89,330","1,280,623","1,280,623","68,813","218,705","218,705","77,042","1,726,939","1,726,939","68,793","6,838,900","6,838,900","76,073","746,286","746,286","84,590","157,105","157,105","83,023","2,103,100","2,103,100","93,284","1,874,376","1,874,376","92,422","470,391","470,391","61,707","1,479,364","1,479,364","80,844","149,353","149,353","81,290","810,494","810,494","25,468"
"        With own children of householder under 18 years","479,570","38.8%","64,790","77,719","46.3%","88,245","702,307","40.8%","69,758","321,021","41.7%","59,204","3,894,122","43.3%","84,790","589,228","43.4%","91,425","372,439","41.2%","100,115","90,822","37.4%","79,268","50,882","41.2%","105,010","1,863,076","36.4%","65,053","1,114,023","43.4%","70,326","118,089","36.4%","91,696","190,133","43.1%","69,851","1,323,108","42.5%","83,907","716,930","42.7%","70,859","349,346","43.6%","79,139","324,122","43.9%","74,882","467,621","41.1%","65,096","469,595","42.1%","61,722","129,627","37.0%","76,852","626,188","42.3%","103,641","690,194","41.2%","109,908","1,017,313","40.3%","73,187","619,373","44.1%","95,628","302,379","40.8%","54,822","640,224","41.3%","72,033","103,839","38.9%","71,986","222,321","45.5%","77,982","302,429","42.0%","67,738","133,128","37.9%","100,798","959,366","42.7%","106,937","199,483","40.2%","54,886","1,899,744","40.7%","83,272","1,084,168","41.3%","68,688","84,213","44.4%","86,414","1,221,667","41.4%","72,130","422,118","43.3%","62,535","420,914","40.7%","78,939","1,278,062","39.3%","81,257","105,380","40.9%","83,161","491,337","38.4%","64,942","94,515","43.2%","76,789","694,368","40.2%","65,852","3,190,138","46.6%","71,693","368,294","49.4%","84,298","59,214","37.7%","81,902","888,138","42.2%","93,828","801,815","42.8%","90,447","169,583","36.1%","59,938","614,156","41.5%","81,197","62,804","42.1%","80,825","277,225","34.2%","21,049"
"        With no own children of householder under 18 years","754,982","61.2%","67,888","90,096","53.7%","96,704","1,018,429","59.2%","75,633","449,090","58.3%","63,602","5,092,544","56.7%","93,081","769,675","56.6%","93,636","530,557","58.8%","103,001","152,190","62.6%","86,993","72,614","58.8%","127,853","3,254,983","63.6%","71,885","1,451,210","56.6%","76,748","206,393","63.6%","100,973","251,258","56.9%","71,526","1,793,307","57.5%","87,638","962,462","57.3%","74,818","451,392","56.4%","79,215","413,489","56.1%","79,793","671,495","58.9%","66,320","647,157","57.9%","67,373","220,328","63.0%","75,766","853,190","57.7%","107,080","983,798","58.8%","104,614","1,509,124","59.7%","76,586","785,425","55.9%","90,855","438,110","59.2%","61,280","910,832","58.7%","73,318","163,419","61.1%","73,222","266,528","54.5%","81,310","417,784","58.0%","78,236","218,317","62.1%","94,830","1,287,940","57.3%","103,534","297,251","59.8%","67,160","2,770,409","59.3%","89,625","1,540,887","58.7%","72,168","105,252","55.6%","87,061","1,730,484","58.6%","75,545","553,089","56.7%","70,894","613,963","59.3%","81,609","1,976,483","60.7%","80,852","152,469","59.1%","93,376","789,286","61.6%","70,775","124,190","56.8%","77,197","1,032,571","59.8%","70,448","3,648,762","53.4%","79,307","377,992","50.6%","84,860","97,891","62.3%","83,810","1,214,962","57.8%","92,984","1,072,561","57.2%","93,826","300,808","63.9%","62,366","865,208","58.5%","80,612","86,549","57.9%","81,631","533,269","65.8%","27,197"
"        Married-couple families","893,948","72.4%","82,058","127,312","75.9%","106,410","1,256,731","73.0%","86,678","564,299","73.3%","74,618","6,510,580","72.4%","107,711","1,069,666","78.7%","105,271","664,429","73.6%","122,282","178,030","73.3%","98,979","75,305","61.0%","187,153","3,721,358","72.7%","82,861","1,813,793","70.7%","91,596","239,548","73.8%","108,893","356,168","80.7%","78,420","2,301,114","73.8%","103,203","1,252,150","74.6%","86,077","631,258","78.8%","90,637","576,150","78.1%","89,695","839,220","73.7%","79,294","759,939","68.0%","85,541","275,146","78.6%","86,187","1,062,391","71.8%","126,625","1,240,714","74.1%","127,848","1,865,163","73.8%","89,586","1,110,550","79.1%","105,410","499,635","67.5%","76,417","1,165,218","75.1%","85,731","215,085","80.5%","82,469","383,188","78.4%","91,937","501,828","69.7%","87,267","281,607","80.1%","108,144","1,669,437","74.3%","124,848","340,736","68.6%","77,968","3,259,898","69.8%","106,915","1,931,039","73.6%","85,886","152,651","80.6%","97,587","2,145,605","72.7%","90,009","717,880","73.6%","80,901","793,578","76.7%","93,078","2,423,060","74.5%","95,778","184,719","71.6%","106,989","923,300","72.1%","84,090","171,918","78.6%","87,799","1,270,962","73.6%","82,255","4,974,588","72.7%","93,037","611,370","81.9%","92,965","124,107","79.0%","93,895","1,598,945","76.0%","109,675","1,456,242","77.7%","106,007","355,680","75.6%","72,682","1,148,599","77.6%","92,806","121,166","81.1%","91,049","450,566","55.6%","33,892"
"            With own children under 18 years","315,284","25.5%","90,921","55,027","32.8%","108,240","463,729","26.9%","93,074","211,126","27.4%","82,461","2,781,246","30.9%","109,719","436,953","32.2%","110,751","256,015","28.4%","134,182","57,656","23.7%","109,776","28,493","23.1%","210,983","1,208,814","23.6%","89,094","733,305","28.6%","97,096","85,839","26.5%","109,894","143,001","32.4%","84,120","913,506","29.3%","110,975","475,434","28.3%","93,756","242,613","30.3%","100,653","229,610","31.1%","95,533","310,773","27.3%","88,819","282,101","25.3%","97,211","87,698","25.1%","98,256","428,625","29.0%","135,778","483,513","28.9%","145,730","676,181","26.8%","99,959","443,546","31.6%","119,037","182,024","24.6%","84,244","432,071","27.9%","95,490","74,590","27.9%","91,757","158,416","32.4%","99,228","192,513","26.7%","89,731","95,659","27.2%","123,413","698,943","31.1%","137,240","118,057","23.8%","81,707","1,282,898","27.5%","114,701","722,573","27.5%","94,698","60,530","31.9%","107,032","781,238","26.5%","101,230","281,545","28.9%","84,088","293,251","28.3%","101,492","862,116","26.5%","107,671","67,364","26.1%","111,467","314,381","24.5%","92,229","66,369","30.3%","95,308","458,907","26.6%","89,801","2,209,145","32.3%","96,458","298,128","39.9%","96,017","40,563","25.8%","103,345","637,819","30.3%","119,445","581,153","31.0%","113,205","113,907","24.2%","82,490","416,297","28.1%","105,265","45,477","30.4%","98,714","118,047","14.6%","42,502"
"        Female householder, no spouse present","262,588","21.3%","31,222","26,210","15.6%","50,351","319,500","18.6%","40,843","153,272","19.9%","31,795","1,693,274","18.8%","48,806","193,627","14.2%","47,931","173,326","19.2%","47,424","47,245","19.4%","46,350","38,383","31.1%","45,917","1,004,672","19.6%","39,955","571,470","22.3%","37,453","57,905","17.8%","61,845","56,342","12.8%","36,390","591,120","19.0%","41,643","300,117","17.9%","35,470","115,569","14.4%","36,724","111,733","15.1%","38,080","213,361","18.7%","31,811","271,055","24.3%","29,660","50,972","14.6%","39,790","311,984","21.1%","58,151","318,402","19.0%","49,734","470,761","18.6%","37,025","198,826","14.2%","43,635","190,261","25.7%","28,545","277,227","17.9%","37,297","33,615","12.6%","34,915","71,674","14.7%","38,743","146,726","20.4%","43,414","46,154","13.1%","49,934","419,537","18.7%","51,313","108,422","21.8%","33,305","1,039,616","22.3%","46,093","514,417","19.6%","34,996","24,011","12.7%","37,237","580,783","19.7%","35,023","182,199","18.7%","33,366","165,990","16.0%","40,872","599,066","18.4%","40,011","53,810","20.9%","43,486","272,756","21.3%","34,637","31,159","14.2%","34,454","334,288","19.4%","34,302","1,360,122","19.9%","38,182","90,244","12.1%","46,572","22,555","14.4%","41,298","366,992","17.5%","45,049","281,190","15.0%","45,261","79,334","16.9%","28,974","224,491","15.2%","38,745","18,457","12.4%","36,340","278,478","34.4%","15,822"
"            With own children under 18 years","131,421","10.6%","23,617","14,880","8.9%","36,725","168,795","9.8%","32,594","84,351","11.0%","25,512","784,949","8.7%","35,153","103,765","7.6%","38,229","88,727","9.8%","34,291","24,538","10.1%","33,068","18,517","15.0%","33,989","484,606","9.5%","31,192","301,060","11.7%","29,445","22,258","6.9%","39,164","31,715","7.2%","27,485","309,654","9.9%","31,242","173,844","10.4%","28,336","74,709","9.3%","30,180","67,319","9.1%","30,206","113,090","9.9%","24,663","145,650","13.0%","22,731","28,518","8.1%","32,478","148,619","10.0%","42,769","159,953","9.6%","35,236","249,791","9.9%","28,086","122,849","8.7%","35,445","98,651","13.3%","21,552","150,822","9.7%","29,088","19,092","7.1%","27,271","44,923","9.2%","31,074","77,004","10.7%","33,609","25,168","7.2%","38,445","196,250","8.7%","35,205","57,305","11.5%","25,427","476,428","10.2%","32,193","274,672","10.5%","27,311","15,751","8.3%","30,828","324,348","11.0%","26,755","100,878","10.3%","26,229","89,392","8.6%","31,739","305,935","9.4%","30,439","28,778","11.2%","33,933","139,253","10.9%","26,608","19,390","8.9%","30,223","176,112","10.2%","26,782","751,988","11.0%","30,211","47,762","6.4%","35,758","13,122","8.4%","32,489","188,273","9.0%","34,138","151,860","8.1%","35,229","39,042","8.3%","20,994","137,293","9.3%","31,337","11,821","7.9%","30,317","125,806","15.5%","9,322"
"        Male householder, no spouse present","78,016","6.3%","47,249","14,293","8.5%","69,455","144,505","8.4%","52,564","52,540","6.8%","42,033","782,812","8.7%","62,910","95,610","7.0%","64,024","65,241","7.2%","66,290","17,737","7.3%","57,295","9,808","7.9%","63,918","392,029","7.7%","51,579","179,970","7.0%","50,895","27,029","8.3%","74,208","28,881","6.5%","51,550","224,181","7.2%","57,299","127,125","7.6%","50,846","53,911","6.7%","51,772","49,728","6.7%","50,847","86,535","7.6%","44,742","85,758","7.7%","46,114","23,837","6.8%","51,940","105,003","7.1%","73,790","114,876","6.9%","70,919","190,513","7.5%","51,130","95,422","6.8%","60,711","50,593","6.8%","41,855","108,611","7.0%","49,132","18,558","6.9%","48,737","33,987","7.0%","53,217","71,659","9.9%","56,500","23,684","6.7%","67,745","158,332","7.0%","69,425","47,576","9.6%","43,628","370,639","7.9%","62,555","179,599","6.8%","47,131","12,803","6.8%","55,088","225,763","7.6%","51,055","75,128","7.7%","48,511","75,309","7.3%","56,186","232,419","7.1%","56,172","19,320","7.5%","65,099","84,567","6.6%","46,402","15,628","7.1%","48,468","121,689","7.0%","45,859","504,190","7.4%","54,002","44,672","6.0%","61,569","10,443","6.6%","50,465","137,163","6.5%","61,758","136,944","7.3%","64,115","35,377","7.5%","40,758","106,274","7.2%","54,066","9,730","6.5%","61,501","81,450","10.0%","20,271"
"            With own children under 18 years","32,865","2.7%","40,571","7,812","4.7%","64,607","69,783","4.1%","44,996","25,544","3.3%","35,686","327,927","3.6%","52,509","48,510","3.6%","57,428","27,697","3.1%","53,715","8,628","3.6%","49,543","3,872","3.1%","55,486","169,656","3.3%","44,137","79,658","3.1%","44,008","9,992","3.1%","58,775","15,417","3.5%","44,155","99,948","3.2%","47,480","67,652","4.0%","44,125","32,024","4.0%","46,528","27,193","3.7%","45,317","43,758","3.8%","39,627","41,844","3.7%","42,303","13,411","3.8%","43,368","48,944","3.3%","60,022","46,728","2.8%","59,520","91,341","3.6%","43,823","52,978","3.8%","53,397","21,704","2.9%","34,558","57,331","3.7%","43,421","10,157","3.8%","42,307","18,982","3.9%","47,259","32,912","4.6%","49,191","12,301","3.5%","55,018","64,173","2.9%","55,498","24,121","4.9%","37,200","140,418","3.0%","49,654","86,923","3.3%","41,765","7,932","4.2%","47,500","116,081","3.9%","44,340","39,695","4.1%","42,246","38,271","3.7%","48,801","110,011","3.4%","49,198","9,238","3.6%","55,184","37,703","2.9%","39,475","8,756","4.0%","44,771","59,349","3.4%","40,537","229,005","3.3%","46,343","22,404","3.0%","54,263","5,529","3.5%","45,844","62,046","3.0%","53,419","68,802","3.7%","54,508","16,634","3.5%","35,837","60,566","4.1%","48,671","5,506","3.7%","58,272","33,372","4.1%","16,086"
"FAMILY INCOME BY FAMILY SIZE","","","","","","","","","","","","","","","","","","","","","","","","","","","","","","","","","","","","","","","","","","","","","","","","","","","","","","","","","","","","","","","","","","","","","","","","","","","","","","","","","","","","","","","","","","","","","","","","","","","","","","","","","","","","","","","","","","","","","","","","","","","","","","","","","","","","","","","","","","","","","","","","","","","","","","","","","","","",""
"    2-person families","617,664","50.0%","59,244","75,549","45.0%","84,418","833,562","48.4%","68,072","379,783","49.3%","56,129","3,512,861","39.1%","81,055","649,999","47.8%","83,724","416,941","46.2%","87,896","122,174","50.3%","76,425","64,404","52.2%","121,653","2,640,778","51.6%","63,600","1,159,836","45.2%","66,456","137,353","42.3%","81,181","216,717","49.1%","64,290","1,417,718","45.5%","75,413","826,582","49.2%","65,271","413,199","51.6%","70,773","364,708","49.4%","70,198","565,102","49.6%","57,925","531,259","47.6%","57,452","193,988","55.4%","66,310","650,108","43.9%","92,449","759,866","45.4%","87,294","1,251,490","49.5%","65,981","691,538","49.2%","80,072","354,306","47.8%","53,094","780,212","50.3%","63,967","148,413","55.5%","66,450","241,964","49.5%","72,327","334,887","46.5%","67,024","181,912","51.8%","82,116","931,853","41.5%","86,485","248,169","50.0%","59,556","2,041,633","43.7%","74,680","1,301,881","49.6%","64,197","99,960","52.8%","77,882","1,480,829","50.2%","65,463","470,276","48.2%","62,448","523,377","50.6%","71,713","1,601,682","49.2%","69,353","122,114","47.4%","78,925","656,659","51.3%","62,824","114,576","52.4%","70,765","859,153","49.8%","61,459","2,816,988","41.2%","69,213","293,091","39.3%","72,138","87,538","55.7%","74,463","981,519","46.7%","81,440","893,528","47.7%","82,714","251,178","53.4%","54,747","774,185","52.3%","70,765","78,382","52.5%","73,546","381,684","47.1%","22,165"
"    3-person families","276,977","22.4%","68,103","35,088","20.9%","95,166","337,022","19.6%","74,423","170,091","22.1%","63,723","2,032,138","22.6%","89,673","285,532","21.0%","95,249","216,420","24.0%","103,592","54,175","22.3%","88,688","29,249","23.7%","111,505","1,110,693","21.7%","70,527","597,664","23.3%","75,331","72,380","22.3%","99,543","85,137","19.3%","72,548","690,651","22.2%","87,640","357,657","21.3%","75,448","154,322","19.3%","80,678","145,748","19.8%","78,879","256,233","22.5%","68,608","266,218","23.8%","67,154","73,864","21.1%","82,308","347,665","23.5%","108,079","396,571","23.7%","110,219","545,265","21.6%","79,448","281,649","20.0%","97,809","169,049","22.8%","59,235","327,524","21.1%","75,991","49,237","18.4%","76,152","94,291","19.3%","80,648","153,934","21.4%","74,427","75,556","21.5%","101,598","542,737","24.2%","107,777","106,695","21.5%","60,899","1,100,183","23.6%","89,520","592,346","22.6%","71,696","35,319","18.6%","87,489","636,104","21.5%","77,697","206,817","21.2%","68,635","217,300","21.0%","83,977","723,655","22.2%","86,336","61,758","24.0%","90,982","282,948","22.1%","69,901","39,756","18.2%","79,240","387,221","22.4%","71,152","1,536,039","22.5%","75,995","141,089","18.9%","84,413","33,119","21.1%","86,689","477,203","22.7%","96,014","401,824","21.4%","95,791","105,628","22.5%","66,001","291,225","19.7%","85,763","28,638","19.2%","82,651","230,225","28.4%","26,697"
"    4-person families","210,228","17.0%","83,791","30,379","18.1%","109,805","287,723","16.7%","86,079","128,440","16.7%","74,456","1,858,643","20.7%","103,856","253,032","18.6%","110,786","174,166","19.3%","127,443","42,170","17.4%","105,076","18,953","15.3%","152,043","824,523","16.1%","83,452","477,033","18.6%","89,932","57,168","17.6%","112,242","69,893","15.8%","81,293","584,903","18.8%","106,151","289,342","17.2%","89,193","136,387","17.0%","97,935","129,312","17.5%","92,146","192,830","16.9%","82,499","189,642","17.0%","83,464","54,892","15.7%","98,914","287,601","19.4%","127,853","334,120","20.0%","135,936","432,479","17.1%","96,917","254,553","18.1%","117,587","129,626","17.5%","70,961","267,861","17.3%","91,159","42,050","15.7%","90,180","81,895","16.8%","95,903","125,466","17.4%","85,150","61,600","17.5%","124,902","478,697","21.3%","133,238","79,293","16.0%","71,118","891,465","19.1%","109,716","453,730","17.3%","88,855","30,302","16.0%","107,076","503,171","17.0%","93,649","167,588","17.2%","78,027","175,631","17.0%","100,210","568,731","17.5%","104,230","46,943","18.2%","109,100","210,394","16.4%","83,778","35,563","16.3%","91,281","288,983","16.7%","84,838","1,368,027","20.0%","88,783","133,460","17.9%","93,679","25,243","16.1%","101,554","393,431","18.7%","114,081","347,320","18.5%","112,299","72,464","15.4%","78,811","250,760","17.0%","102,898","23,926","16.0%","98,354","138,226","17.1%","33,705"
"    5-person families","87,794","7.1%","78,764","15,032","9.0%","99,552","149,527","8.7%","78,251","57,862","7.5%","70,756","922,296","10.3%","92,606","109,058","8.0%","99,348","66,848","7.4%","123,113","15,492","6.4%","95,749","6,938","5.6%","101,429","354,003","6.9%","79,814","211,069","8.2%","80,338","29,141","9.0%","111,872","39,233","8.9%","78,125","274,181","8.8%","98,991","133,436","7.9%","85,463","64,152","8.0%","94,326","62,930","8.5%","89,990","83,200","7.3%","80,258","86,265","7.7%","78,422","18,431","5.3%","88,898","123,950","8.4%","120,543","124,747","7.5%","135,479","191,228","7.6%","90,028","112,835","8.0%","109,999","55,928","7.6%","69,085","113,647","7.3%","86,851","16,838","6.3%","84,844","45,144","9.2%","92,434","66,013","9.2%","81,009","21,915","6.2%","124,910","192,086","8.5%","124,799","38,652","7.8%","66,086","387,781","8.3%","103,725","185,506","7.1%","78,615","15,696","8.3%","106,705","214,835","7.3%","91,857","83,364","8.5%","73,690","73,355","7.1%","90,225","235,477","7.2%","97,601","19,243","7.5%","99,714","87,650","6.8%","79,154","18,481","8.5%","92,797","125,686","7.3%","77,429","689,384","10.1%","81,264","89,379","12.0%","95,749","7,509","4.8%","99,116","163,985","7.8%","107,436","142,486","7.6%","98,050","27,492","5.8%","76,761","107,040","7.2%","96,645","11,381","7.6%","94,168","44,326","5.5%","35,094"
"    6-person families","28,809","2.3%","78,112","6,432","3.8%","106,189","66,169","3.8%","75,776","22,449","2.9%","71,391","382,516","4.3%","90,091","39,097","2.9%","96,043","19,950","2.2%","123,918","6,103","2.5%","89,649","2,407","1.9%","93,125","125,893","2.5%","78,978","77,857","3.0%","76,961","14,065","4.3%","124,841","18,840","4.3%","82,341","96,427","3.1%","95,446","45,445","2.7%","82,691","21,846","2.7%","83,883","23,113","3.1%","87,929","26,664","2.3%","78,941","29,221","2.6%","70,296","5,999","1.7%","89,347","44,208","3.0%","118,125","40,116","2.4%","133,393","67,981","2.7%","82,320","39,592","2.8%","98,518","20,536","2.8%","71,029","40,051","2.6%","83,629","6,286","2.4%","75,652","16,586","3.4%","90,383","24,457","3.4%","85,403","7,136","2.0%","121,355","64,405","2.9%","120,811","14,571","2.9%","72,120","145,571","3.1%","98,318","62,352","2.4%","77,117","5,600","3.0%","95,205","75,938","2.6%","85,556","31,890","3.3%","74,170","29,154","2.8%","82,730","80,899","2.5%","92,679","5,378","2.1%","87,147","29,295","2.3%","73,899","6,131","2.8%","81,347","43,076","2.5%","76,736","271,385","4.0%","78,599","54,528","7.3%","100,424","2,460","1.6%","90,333","58,309","2.8%","105,908","55,278","2.9%","96,999","8,943","1.9%","66,608","37,400","2.5%","89,503","4,255","2.8%","92,917","10,719","1.3%","32,711"
"    7-or-more person families","13,080","1.1%","74,301","5,335","3.2%","85,071","46,733","2.7%","80,264","11,486","1.5%","68,247","278,212","3.1%","103,058","22,185","1.6%","98,044","8,671","1.0%","114,791","2,898","1.2%","92,330","1,545","1.3%","93,516","62,169","1.2%","82,169","41,774","1.6%","80,456","14,375","4.4%","157,329","11,571","2.6%","88,372","52,535","1.7%","100,326","26,930","1.6%","82,817","10,832","1.4%","78,772","11,800","1.6%","84,598","15,087","1.3%","71,492","14,147","1.3%","72,580","2,781","0.8%","87,646","25,846","1.7%","117,986","18,572","1.1%","128,829","37,994","1.5%","77,646","24,631","1.8%","90,467","11,044","1.5%","55,195","21,761","1.4%","80,850","4,434","1.7%","76,346","8,969","1.8%","87,405","15,456","2.1%","86,822","3,326","0.9%","127,904","37,528","1.7%","120,382","9,354","1.9%","72,301","103,520","2.2%","101,910","29,240","1.1%","73,494","2,588","1.4%","77,162","41,274","1.4%","80,135","15,272","1.6%","70,043","16,060","1.6%","89,949","44,101","1.4%","84,023","2,413","0.9%","119,466","13,677","1.1%","72,653","4,198","1.9%","63,849","22,820","1.3%","79,888","157,077","2.3%","79,659","34,739","4.7%","110,610","1,236","0.8%","105,361","28,653","1.4%","111,134","33,940","1.8%","104,563","4,686","1.0%","72,038","18,754","1.3%","83,717","2,771","1.9%","90,208","5,314","0.7%","42,565"
"FAMILY INCOME BY NUMBER OF EARNERS","","","","","","","","","","","","","","","","","","","","","","","","","","","","","","","","","","","","","","","","","","","","","","","","","","","","","","","","","","","","","","","","","","","","","","","","","","","","","","","","","","","","","","","","","","","","","","","","","","","","","","","","","","","","","","","","","","","","","","","","","","","","","","","","","","","","","","","","","","","","","","","","","","","","","","","","","","","",""
"    No earners","233,345","18.9%","35,673","18,206","10.8%","49,906","326,252","19.0%","47,439","139,362","18.1%","33,324","1,116,136","12.4%","42,376","163,420","12.0%","52,816","113,556","12.6%","49,877","41,237","17.0%","54,422","15,301","12.4%","20,911","1,010,500","19.7%","45,052","357,605","13.9%","36,965","41,245","12.7%","51,242","66,790","15.1%","47,866","409,446","13.1%","44,025","241,403","14.4%","42,230","109,641","13.7%","45,698","93,203","12.6%","45,594","209,188","18.4%","33,107","196,319","17.6%","30,767","58,609","16.7%","41,843","163,034","11.0%","52,230","203,910","12.2%","43,131","426,926","16.9%","44,803","176,681","12.6%","52,228","136,090","18.4%","29,212","243,561","15.7%","41,582","43,722","16.4%","46,351","55,134","11.3%","46,806","109,791","15.2%","45,088","46,942","13.4%","50,179","262,662","11.7%","47,794","94,088","18.9%","36,484","642,811","13.8%","37,617","422,544","16.1%","39,441","21,941","11.6%","46,918","452,978","15.3%","41,509","157,606","16.2%","36,869","170,227","16.4%","49,205","500,164","15.4%","42,119","34,473","13.4%","40,433","230,064","18.0%","41,475","29,032","13.3%","43,079","286,723","16.6%","36,243","796,896","11.7%","36,899","78,253","10.5%","52,322","22,778","14.5%","44,565","276,026","13.1%","50,143","265,093","14.1%","53,406","111,396","23.7%","34,537","215,989","14.6%","46,538","20,745","13.9%","47,285","299,070","36.9%","13,585"
"    1 earner","429,503","34.8%","49,806","53,298","31.8%","66,404","567,406","33.0%","54,022","265,788","34.5%","45,516","2,870,847","31.9%","61,748","402,742","29.6%","64,801","269,663","29.9%","68,701","77,708","32.0%","59,994","37,967","30.7%","66,031","1,679,240","32.8%","51,705","870,447","33.9%","51,061","93,783","28.9%","71,366","136,633","31.0%","53,129","964,092","30.9%","57,110","539,620","32.1%","51,341","224,312","28.0%","52,421","225,628","30.6%","53,089","374,848","32.9%","47,512","411,461","36.8%","47,809","100,863","28.8%","54,335","441,084","29.8%","70,603","461,958","27.6%","68,796","805,169","31.9%","53,573","369,460","26.3%","59,349","263,816","35.6%","42,349","486,456","31.4%","50,824","79,164","29.6%","52,659","136,652","28.0%","51,704","245,796","34.1%","53,393","97,653","27.8%","69,501","674,922","30.0%","71,041","183,073","36.9%","47,329","1,460,657","31.3%","58,639","877,467","33.4%","50,343","52,019","27.5%","56,673","959,145","32.5%","51,836","335,126","34.4%","49,096","324,883","31.4%","58,746","986,245","30.3%","56,533","79,280","30.7%","60,068","435,347","34.0%","49,460","59,807","27.3%","49,933","579,326","33.5%","49,506","2,364,166","34.6%","51,972","214,003","28.7%","65,228","43,441","27.7%","56,752","646,363","30.7%","64,334","586,243","31.3%","68,780","159,777","34.0%","50,196","421,394","28.5%","54,040","45,703","30.6%","59,584","297,474","36.7%","25,177"
"    2 earners","469,501","38.0%","91,931","76,890","45.8%","111,934","644,362","37.4%","94,172","304,611","39.6%","85,073","3,659,894","40.7%","114,198","634,508","46.7%","111,438","398,967","44.2%","126,658","95,744","39.4%","105,653","61,934","50.2%","185,134","1,923,326","37.6%","89,283","1,068,526","41.7%","96,405","133,311","41.1%","108,693","187,351","42.4%","83,890","1,329,896","42.7%","108,736","718,380","42.8%","92,288","382,205","47.7%","95,792","335,946","45.5%","95,027","451,984","39.7%","89,453","418,432","37.5%","95,462","153,409","43.8%","93,626","663,453","44.8%","128,739","755,918","45.2%","132,307","1,002,811","39.7%","96,876","679,502","48.4%","110,827","277,804","37.5%","84,108","659,293","42.5%","91,641","120,264","45.0%","89,732","240,058","49.1%","96,140","280,912","39.0%","91,807","156,901","44.6%","113,206","966,386","43.0%","130,335","178,431","35.9%","85,629","1,929,038","41.3%","113,547","1,084,893","41.3%","92,440","96,906","51.1%","101,324","1,219,108","41.3%","96,094","395,615","40.6%","89,174","430,083","41.6%","101,795","1,366,596","42.0%","102,756","108,903","42.2%","111,263","501,133","39.1%","91,301","106,750","48.8%","91,172","694,613","40.2%","89,771","2,865,858","41.9%","98,585","330,179","44.2%","91,055","74,754","47.6%","100,175","933,590","44.4%","115,837","818,570","43.7%","114,248","165,870","35.3%","87,726","665,783","45.0%","98,701","68,876","46.1%","97,861","178,137","22.0%","49,057"
"    3 or more earners","102,203","8.3%","114,671","19,421","11.6%","139,796","182,716","10.6%","114,663","60,350","7.8%","106,053","1,339,789","14.9%","127,818","158,233","11.6%","130,562","120,810","13.4%","148,388","28,323","11.7%","132,537","8,294","6.7%","156,793","504,993","9.9%","109,482","268,655","10.5%","117,273","56,143","17.3%","151,641","50,617","11.5%","107,273","412,981","13.3%","128,458","179,989","10.7%","118,838","84,580","10.6%","117,827","82,834","11.2%","120,953","103,096","9.1%","116,053","90,540","8.1%","120,619","37,074","10.6%","120,534","211,807","14.3%","153,203","252,206","15.1%","156,306","291,531","11.5%","122,499","179,155","12.8%","133,742","62,779","8.5%","105,944","161,746","10.4%","118,634","24,108","9.0%","113,386","57,005","11.7%","115,508","83,714","11.6%","111,620","49,949","14.2%","145,275","343,336","15.3%","154,850","41,142","8.3%","106,513","637,647","13.7%","139,550","240,151","9.1%","111,882","18,599","9.8%","132,517","320,920","10.9%","121,262","86,860","8.9%","109,858","109,684","10.6%","119,985","401,540","12.3%","127,538","35,193","13.6%","134,951","114,079","8.9%","110,464","23,116","10.6%","115,614","166,277","9.6%","112,727","811,980","11.9%","114,572","123,851","16.6%","125,368","16,132","10.3%","122,624","247,121","11.8%","138,780","204,470","10.9%","135,183","33,348","7.1%","117,193","176,198","11.9%","122,702","14,029","9.4%","117,101","35,813","4.4%","64,976"
"NONFAMILY HOUSEHOLDS","","","","","","","","","","","","","","","","","","","","","","","","","","","","","","","","","","","","","","","","","","","","","","","","","","","","","","","","","","","","","","","","","","","","","","","","","","","","","","","","","","","","","","","","","","","","","","","","","","","","","","","","","","","","","","","","","","","","","","","","","","","","","","","","","","","","","","","","","","","","","","","","","","","","","","","","","","","",""
"    Nonfamily households","653,952","653,952","28,529","87,358","87,358","51,651","922,694","922,694","39,829","400,433","400,433","27,792","4,116,448","4,116,448","50,894","778,499","778,499","47,627","482,441","482,441","45,539","127,941","127,941","41,157","164,811","164,811","75,477","2,813,254","2,813,254","36,698","1,265,031","1,265,031","37,306","143,450","143,450","49,031","207,908","207,908","34,270","1,767,646","1,767,646","40,774","923,378","923,378","33,840","473,203","473,203","36,253","404,374","404,374","34,826","608,937","608,937","30,352","635,204","635,204","28,909","219,596","219,596","34,126","751,149","751,149","52,712","972,988","972,988","48,876","1,453,971","1,453,971","35,002","803,190","803,190","42,913","376,160","376,160","25,314","889,156","889,156","33,731","168,790","168,790","33,606","277,814","277,814","36,396","409,798","409,798","40,355","187,671","187,671","43,777","1,024,748","1,024,748","47,603","296,021","296,021","31,640","2,747,071","2,747,071","43,646","1,406,537","1,406,537","34,473","131,408","131,408","39,781","1,765,075","1,765,075","34,626","518,362","518,362","31,846","607,702","607,702","40,246","1,852,056","1,852,056","36,247","156,881","156,881","39,713","680,858","680,858","32,023","129,173","129,173","35,803","912,516","912,516","32,825","3,067,170","3,067,170","39,925","257,059","257,059","41,986","105,747","105,747","37,947","1,081,021","1,081,021","46,317","1,031,446","1,031,446","48,399","263,844","263,844","26,825","898,571","898,571","37,792","83,878","83,878","37,385","395,255","395,255","12,539"
"        Female householder","356,775","54.6%","24,548","39,101","44.8%","45,956","478,256","51.8%","36,507","212,952","53.2%","24,828","2,173,814","52.8%","43,687","395,404","50.8%","42,409","268,022","55.6%","39,822","73,139","57.2%","36,574","92,006","55.8%","72,655","1,529,123","54.4%","32,218","687,626","54.4%","32,449","73,184","51.0%","43,480","106,195","51.1%","29,297","942,515","53.3%","35,327","486,038","52.6%","29,395","241,288","51.0%","31,156","209,665","51.8%","30,869","323,328","53.1%","26,608","342,939","54.0%","25,476","119,459","54.4%","30,741","423,571","56.4%","47,413","540,016","55.5%","41,814","759,451","52.2%","30,987","420,648","52.4%","38,173","199,447","53.0%","21,732","477,419","53.7%","30,303","84,004","49.8%","30,683","141,143","50.8%","31,883","194,564","47.5%","35,978","98,635","52.6%","37,992","572,805","55.9%","39,609","152,765","51.6%","28,750","1,515,874","55.2%","37,860","775,234","55.1%","31,271","60,568","46.1%","32,046","929,484","52.7%","30,202","271,824","52.4%","27,341","328,555","54.1%","36,488","1,001,298","54.1%","31,248","86,323","55.0%","32,989","371,409","54.6%","28,397","63,885","49.5%","31,200","492,014","53.9%","29,702","1,579,131","51.5%","34,414","132,757","51.6%","35,791","57,525","54.4%","34,552","600,114","55.5%","41,179","526,246","51.0%","41,900","140,055","53.1%","23,755","461,863","51.4%","32,643","40,639","48.5%","31,263","223,522","56.6%","11,851"
"            Living alone","318,899","48.8%","22,927","31,271","35.8%","39,405","391,362","42.4%","31,772","184,740","46.1%","22,615","1,722,600","41.8%","35,763","312,378","40.1%","36,245","228,188","47.3%","34,892","61,929","48.4%","33,401","75,131","45.6%","61,689","1,285,399","45.7%","28,456","592,930","46.9%","29,379","59,149","41.2%","38,043","89,209","42.9%","25,707","804,085","45.5%","31,424","411,841","44.6%","26,516","201,115","42.5%","28,289","178,052","44.0%","28,263","275,427","45.2%","24,058","299,446","47.1%","23,963","95,860","43.7%","25,663","358,739","47.8%","42,406","434,945","44.7%","33,360","641,668","44.1%","27,962","344,341","42.9%","32,586","178,738","47.5%","20,445","404,756","45.5%","27,099","68,934","40.8%","27,070","118,194","42.5%","28,776","156,525","38.2%","31,012","78,096","41.6%","31,531","496,680","48.5%","34,512","130,508","44.1%","25,268","1,267,279","46.1%","31,742","662,386","47.1%","27,814","49,672","37.8%","28,247","794,324","45.0%","26,908","235,532","45.4%","25,383","252,828","41.6%","30,667","850,810","45.9%","27,431","71,605","45.6%","28,238","322,466","47.4%","25,867","54,856","42.5%","28,518","420,023","46.0%","26,366","1,338,834","43.7%","30,771","106,423","41.4%","31,209","44,912","42.5%","29,036","505,943","46.8%","36,613","414,425","40.2%","35,409","120,528","45.7%","22,015","380,115","42.3%","28,582","33,636","40.1%","28,012","198,645","50.3%","11,063"
"            Not living alone","37,876","5.8%","45,520","7,830","9.0%","85,565","86,894","9.4%","63,480","28,212","7.0%","45,485","451,214","11.0%","85,485","83,026","10.7%","74,712","39,834","8.3%","84,808","11,210","8.8%","71,224","16,875","10.2%","129,581","243,724","8.7%","61,369","94,696","7.5%","61,430","14,035","9.8%","79,796","16,986","8.2%","53,587","138,430","7.8%","71,553","74,197","8.0%","55,503","40,173","8.5%","55,185","31,613","7.8%","53,871","47,901","7.9%","52,733","43,493","6.8%","50,958","23,599","10.7%","60,590","64,832","8.6%","88,921","105,071","10.8%","96,433","117,783","8.1%","56,145","76,307","9.5%","73,727","20,709","5.5%","43,783","72,663","8.2%","57,701","15,070","8.9%","56,024","22,949","8.3%","56,759","38,039","9.3%","64,912","20,539","10.9%","77,204","76,125","7.4%","90,289","22,257","7.5%","55,416","248,595","9.0%","85,537","112,848","8.0%","58,098","10,896","8.3%","61,114","135,160","7.7%","58,612","36,292","7.0%","50,669","75,727","12.5%","63,353","150,488","8.1%","66,567","14,718","9.4%","78,858","48,943","7.2%","55,354","9,029","7.0%","59,488","71,991","7.9%","54,736","240,297","7.8%","63,344","26,334","10.2%","61,751","12,613","11.9%","65,791","94,171","8.7%","73,970","111,821","10.8%","76,063","19,527","7.4%","43,889","81,748","9.1%","63,244","7,003","8.3%","59,869","24,877","6.3%","24,845"
"        Male householder","297,177","45.4%","34,563","48,257","55.2%","55,586","444,438","48.2%","43,537","187,481","46.8%","31,791","1,942,634","47.2%","58,781","383,095","49.2%","52,884","214,419","44.4%","53,742","54,802","42.8%","47,687","72,805","44.2%","79,906","1,284,131","45.6%","42,331","577,405","45.6%","43,155","70,266","49.0%","54,890","101,713","48.9%","40,315","825,131","46.7%","47,101","437,340","47.4%","40,300","231,915","49.0%","42,574","194,709","48.2%","40,116","285,609","46.9%","35,287","292,265","46.0%","35,204","100,137","45.6%","39,477","327,578","43.6%","60,154","432,972","44.5%","57,495","694,520","47.8%","40,482","382,542","47.6%","48,699","176,713","47.0%","30,459","411,737","46.3%","38,964","84,786","50.2%","37,617","136,671","49.2%","41,872","215,234","52.5%","44,652","89,036","47.4%","51,602","451,943","44.1%","57,536","143,256","48.4%","35,576","1,231,197","44.8%","51,540","631,303","44.9%","39,029","70,840","53.9%","46,265","835,591","47.3%","40,541","246,538","47.6%","37,347","279,147","45.9%","45,380","850,758","45.9%","43,346","70,558","45.0%","48,114","309,449","45.4%","37,227","65,288","50.5%","41,624","420,502","46.1%","37,380","1,488,039","48.5%","45,678","124,302","48.4%","49,467","48,222","45.6%","42,537","480,907","44.5%","53,470","505,200","49.0%","55,793","123,789","46.9%","32,076","436,708","48.6%","43,751","43,239","51.5%","45,022","171,733","43.4%","13,706"
"            Living alone","248,427","38.0%","31,349","35,762","40.9%","48,120","334,843","36.3%","36,905","151,234","37.8%","28,618","1,392,219","33.8%","47,507","279,405","35.9%","44,430","166,158","34.4%","45,722","42,455","33.2%","40,235","54,911","33.3%","65,398","981,921","34.9%","36,313","453,307","35.8%","38,341","54,487","38.0%","45,529","77,536","37.3%","34,781","653,326","37.0%","40,911","343,352","37.2%","35,545","178,133","37.6%","37,177","154,360","38.2%","35,743","226,673","37.2%","30,704","238,637","37.6%","30,763","73,700","33.6%","31,001","254,285","33.9%","52,564","316,591","32.5%","45,444","547,926","37.7%","35,497","291,589","36.3%","41,347","147,776","39.3%","26,700","322,307","36.2%","34,142","65,443","38.8%","32,160","107,501","38.7%","36,718","162,458","39.6%","37,331","65,643","35.0%","41,996","355,137","34.7%","49,596","115,517","39.0%","30,626","941,530","34.3%","42,191","496,537","35.3%","33,562","54,694","41.6%","41,752","663,321","37.6%","35,547","197,128","38.0%","33,106","196,444","32.3%","36,364","670,618","36.2%","37,509","55,285","35.2%","40,360","248,681","36.5%","32,212","51,469","39.8%","36,382","334,141","36.6%","32,644","1,168,621","38.1%","40,414","89,494","34.8%","42,222","35,914","34.0%","34,861","368,366","34.1%","46,676","361,183","35.0%","46,191","101,180","38.3%","29,327","335,633","37.4%","38,481","33,542","40.0%","39,688","145,404","36.8%","12,507"
"            Not living alone","48,750","7.5%","54,690","12,495","14.3%","81,550","109,595","11.9%","69,476","36,247","9.1%","50,772","550,415","13.4%","95,953","103,690","13.3%","82,759","48,261","10.0%","92,314","12,347","9.7%","76,996","17,894","10.9%","157,193","302,210","10.7%","68,379","124,098","9.8%","67,209","15,779","11.0%","103,036","24,177","11.6%","61,279","171,805","9.7%","79,895","93,988","10.2%","62,516","53,782","11.4%","64,519","40,349","10.0%","61,299","58,936","9.7%","58,304","53,628","8.4%","58,772","26,437","12.0%","71,073","73,293","9.8%","97,918","116,381","12.0%","105,416","146,594","10.1%","65,018","90,953","11.3%","82,523","28,937","7.7%","49,804","89,430","10.1%","61,442","19,343","11.5%","60,033","29,170","10.5%","65,513","52,776","12.9%","72,533","23,393","12.5%","82,977","96,806","9.4%","99,750","27,739","9.4%","61,887","289,667","10.5%","93,552","134,766","9.6%","64,036","16,146","12.3%","68,992","172,270","9.8%","64,848","49,410","9.5%","57,564","82,703","13.6%","69,876","180,140","9.7%","74,351","15,273","9.7%","80,427","60,768","8.9%","63,374","13,819","10.7%","65,491","86,361","9.5%","60,452","319,418","10.4%","72,036","34,808","13.5%","72,110","12,308","11.6%","79,286","112,541","10.4%","84,344","144,017","14.0%","85,895","22,609","8.6%","48,824","101,075","11.2%","69,932","9,697","11.6%","70,175","26,329","6.7%","24,579"